Model,Faithfulness Score,Relevancy Score
pro1_5,1.0,0.6666666666666666
flash1_5,1.0,0.6666666666666666
flash2,1.0,1.0
